ApplicationName,1,2,3,4,5,6
kalman-filter,1,1.176415666,1.181836175,1.181419293,1.89533295,2.005067047
floam,1,4.897839784,5.119002822,5.251047845,5.002528154,4.716648014
jetson-inference ,1,1.569567367,1.577074565,1.571697354,1.477671022,1.473746535
darknet-ros ,1,1.011097411,1.006750934,1.00740991,1.021934197,1.021076436
cuda-lane-detection,1,1.497935667,1.567759753,1.714145884,1.767197903,2.051649917
hybrid-astar,1,1.196008935,1.186569957,1.222929323,1.349198434,1.203219888
openMVG,1,1.466604494,1.959477991,2.45355866,3.200733099,3.774328371