ApplicationName,1,2,3,4,5,6
kalman-filter,1,1.174730052,1.166736681,1.163481987,1.164410683,1.168178989
floam,1,2.632629108,2.657582938,2.632629108,1.466013072,1.362531892
jetson-inference ,1,2.329130603,2.65680537,2.714172162,2.714377692,2.710966751
darknet-ros ,1,0.99908299,1.000918695,1.000918695,1.007397134,1.012076173
cuda-lane-detection,1,1.142746968,1.168470949,1.193563639,1.192276561,1.191234773
hybrid-astar,1,1.755313001,2.098686805,2.10125957,2.132653952,2.093035073
openMVG,1,1.930195676,2.688778628,3.355256877,3.334055237,3.351349606