ApplicationName,1,2,3,4,5,6
kalman-filter,1,1.001275736,1.002765492,1.004662555,1.31116166,1.297698407
floam,1,1.014163663,1.027892467,1.024216388,0.980219176,0.985300385
jetson-inference ,1,1.00994776,1.010530995,1.010044138,0.91319155,0.912399766
darknet-ros ,1,1.045675891,1.037701917,1.045730925,0.937797151,0.94458318
cuda-lane-detection,1,1.250337316,1.301241692,1.316867147,1.256279496,1.333447684
hybrid-astar,1,1.195371598,1.240144082,1.192648285,0.94896085,0.965044702
openMVG,1,1.649066083,2.308603135,2.807284311,3.087570096,3.727178129